timestamp,temp_c,cap_pf,cap_sd_pf,permittivity,optical_ratio,index,tpm_equiv,validation,ch410,ch435,ch460,ch485,ch510,ch535,ch560,ch585,ch610,ch645,ch680,ch705,ch730,ch760,ch810,ch860,ch900,ch940
2026-08-06T07:06:49.836Z,29.3,9.23,0.0279,10.9379,0.6888,1.3500,30.95,optical,19.994,13.492,18.89,16.08,26.234,23.829,27.075,31.869,31.769,5.332,3.168,2.99,61.077,22.915,5.499,4.23,10.243,20.462
2026-08-06T07:06:49.970Z,28.4,8.6839,0.0218,8.8522,0.8863,0.7194,20.23,optical,26.659,25.056,65.172,22.333,59.963,35.383,42.629,48.865,42.675,5.332,4.435,2.99,82.972,26.04,4.713,3.384,12.804,26.145
2026-08-06T07:06:51.841Z,27.6,8.9113,0.0448,9.7189,0.7384,1.3500,30.95,optical,28.325,31.802,116.176,19.653,72.705,57.046,36.292,39.305,33.192,6.665,4.435,2.99,77.21,35.415,6.284,5.076,16.218,36.376
2026-08-06T07:06:51.882Z,29.3,8.545,0.002,8.3234,1.2952,0.0000,8.00,optical,83.309,56.857,183.236,42.879,124.423,88.818,68.552,69.049,54.529,10.664,7.603,3.986,133.677,43.748,9.427,7.613,24.754,44.333
2026-08-06T07:06:51.916Z,28.4,8.293,0.0012,7.3602,0.1169,1.3500,30.95,optical,57.484,12.528,85.951,4.467,13.492,64.989,8.065,12.747,24.182,5.332,5.069,1.993,25.353,59.372,8.641,7.613,24.754,101.171
2026-08-06T07:06:51.958Z,29.1,8.6656,0.1082,8.7834,1.2559,0.0000,8.00,optical,61.649,39.511,140.733,25.013,74.204,41.882,5.761,10.623,18.967,5.776,5.702,2.99,56.467,17.707,6.284,5.076,15.365,31.829
2026-08-06T07:06:51.996Z,26.4,25.8401,0.2512,74.3309,1.2716,0.0000,8.00,reading unstable,3.332,5.782,11.334,3.573,12.742,7.221,6.337,7.967,15.173,4.443,47.517,3.986,36.877,11.458,2.357,1.692,3.414,5.684
2026-08-06T07:06:52.138Z,27.9,16.6696,2.7003,39.3312,0.8976,0.6661,19.32,reading unstable,69.147,56.857,204.016,28.586,135.666,99.65,70.28,73.829,57.848,10.219,8.236,3.986,121.001,54.164,11.783,9.305,28.168,62.521
2026-08-06T07:06:54.351Z,29.1,8.8938,0.0092,9.6544,0.7418,1.3500,30.95,optical,26.659,14.455,8.501,6.253,5.996,2.888,4.609,6.905,18.492,3.11,2.534,1.993,17.286,13.541,3.928,2.538,5.975,19.325
2026-08-06T07:07:04.835Z,28.5,101.6036,14.3718,363.5077,0.0777,1.3500,30.95,reading unstable,9.164,10.601,58.56,8.04,29.981,22.385,9.793,10.092,15.647,3.555,4.435,1.993,55.315,85.412,6.284,6.767,29.876,137.547
2026-08-07T10:29:17.000Z,30,6.3621,0.0079,-0.0073,,,,optical
2026-08-07T11:14:11.000Z,30,7.5808,0.0373,4.6443,1.1808,0.0000,8.00,optical,122.465,43.366,97.285,19.653,77.202,61.378,48.39,49.928,41.252,8.442,5.702,3.986,92.191,37.498,9.427,7.613,19.633,36.376
2026-08-07T11:16:45.000Z,30,7.2001,0.0291,3.1912,0.7585,1.3500,30.95,optical,61.649,19.274,47.226,8.933,20.987,14.442,10.369,14.341,17.07,4.443,3.168,1.993,26.505,19.791,5.499,4.23,9.389,25.009
2026-08-07T11:17:20.000Z,30,6.9916,0.0679,2.3954,1.1303,0.0000,8.00,optical,62.482,18.31,38.725,9.826,13.492,10.831,11.521,15.403,19.441,3.999,3.168,1.993,32.267,15.624,5.499,5.076,7.682,17.051
2026-08-07T11:20:26.000Z,30,6.6253,0.0208,0.9973,,,,optical
2026-08-07T11:21:14.000Z,30,7.1488,0.0721,2.9954,1.1868,0.0000,8.00,optical,109.968,43.366,100.119,26.799,74.953,62.1,51.27,56.832,42.675,7.998,5.069,2.99,101.41,34.373,7.855,6.767,17.925,31.829
2026-08-07T13:10:02.000Z,25.8,6.8214,0.0049,1.7395,0.0122,1.3500,30.95,optical,13.33,7.709,15.112,6.253,8.994,6.499,13.826,10.092,9.009,4.888,3.801,1.993,123.306,158.325,10.212,11.843,64.019,316.017
2026-08-07T13:27:10.000Z,25.8,7.1239,0.0177,2.8941,1.1868,0.0000,8.00,optical,33.324,15.419,33.058,7.146,13.492,7.943,6.337,6.905,7.112,1.333,1.901,1.993,10.372,6.25,1.571,1.692,3.414,11.368
2026-08-07T13:27:23.000Z,25.9,7.09,0.023,2.7648,1.2245,0.0000,8.00,optical,32.491,14.455,30.225,7.146,12.742,7.943,5.761,6.374,6.638,1.333,1.901,1.993,9.219,6.25,1.571,1.692,3.414,10.231
2026-08-07T13:31:53.000Z,26.6,23.1065,2.3085,63.8976,0.8470,0.9100,23.47,reading unstable,2.499,4.818,11.334,4.467,6.746,6.499,6.337,6.905,5.69,1.333,1.267,1.993,11.524,5.208,0.786,0.846,0.854,1.137
2026-08-07T13:32:05.000Z,26.7,10.1349,4.5779,14.3878,0.0168,1.3500,30.95,reading unstable,9.164,12.528,43.448,12.506,31.48,28.884,12.673,13.279,14.225,6.22,8.87,1.993,195.907,129.16,20.424,16.073,91.334,343.3
2026-08-07T13:32:18.000Z,26.8,48.6251,32.5951,161.2971,0.0132,1.3500,30.95,reading unstable,6.665,12.528,39.67,8.933,26.234,23.829,12.097,9.029,13.277,4.888,7.603,1.993,174.011,117.702,18.068,15.227,91.334,364.898
2026-08-07T13:32:30.000Z,26.9,65.0371,41.5627,223.9385,0.0288,1.3500,30.95,reading unstable,4.165,8.673,34.947,6.253,25.484,14.442,4.609,5.843,11.854,4.443,46.25,4.983,76.058,62.497,10.998,8.459,55.483,302.376
2026-08-07T13:32:43.000Z,26.9,8.2538,0.0011,7.2083,0.2338,1.3500,30.95,optical,9.164,8.673,29.28,5.36,11.243,7.943,6.337,12.747,24.182,3.555,2.534,1.993,42.638,26.04,3.142,2.538,9.389,32.966
2026-08-07T13:32:55.000Z,26.9,8.2537,0.0012,7.2079,0.2422,1.3500,30.95,optical,9.164,9.637,30.225,5.36,11.243,7.943,6.913,13.279,25.605,3.555,2.534,1.993,44.943,27.082,3.928,2.538,9.389,31.829
2026-08-07T13:33:10.000Z,27.1,8.2541,0.0012,7.2098,0.1978,1.3500,30.95,optical,9.164,8.673,29.28,5.36,11.243,7.943,6.337,12.747,24.182,3.555,2.534,1.993,43.791,26.04,3.142,2.538,9.389,34.103
2026-08-07T15:50:38.000Z,24.4,7.8856,0.0009,5.7992,-0.5649,,,optical,5.832,37.584,56.671,22.333,55.466,80.875,80.649,77.016,29.872,8.886,1.901,2.99,119.849,30.207,7.855,5.922,9.389,6.821
2026-08-07T15:50:50.000Z,24.7,8.6783,0.0445,8.8253,1.0173,0.1409,10.39,optical,29.158,36.62,99.174,27.693,89.944,108.315,92.747,87.639,55.477,11.552,4.435,3.986,149.811,53.122,9.427,7.613,20.486,27.282
2026-08-07T15:51:44.000Z,24.9,7.6955,0.0008,5.0744,-2.5427,,,optical,4.999,48.184,70.839,24.119,65.21,93.873,92.171,83.39,31.769,10.219,1.901,2.99,124.458,29.165,7.07,5.922,10.243,5.684
2026-08-07T15:51:58.000Z,25.1,8.7099,0.0321,8.9465,0.9248,0.5410,17.20,optical,34.157,38.547,95.396,27.693,84.697,80.153,60.487,65.862,51.21,8.442,4.435,3.986,119.849,43.748,7.855,5.922,16.218,28.419
2026-08-07T15:52:19.000Z,25.5,8.2701,0.3245,7.2684,5.0853,0.0000,8.00,reading unstable,2.499,12.528,25.502,3.573,5.247,10.109,7.489,7.436,6.638,1.333,0.634,1.993,12.676,9.374,1.571,1.692,0.854,1.137
2026-08-07T15:52:32.000Z,25.7,8.7758,0.0175,9.1989,0.8924,0.6907,19.74,optical,24.16,22.165,68.005,12.506,47.97,46.936,36.868,39.305,31.769,7.553,3.801,2.99,79.515,34.373,7.07,5.076,12.804,23.872
2026-08-07T15:52:45.000Z,25.9,7.8763,0.0719,5.7660,-6.7806,,,optical,2.499,14.455,33.058,10.72,17.239,32.494,39.173,20.183,9.957,3.999,1.267,1.993,35.724,11.458,2.357,1.692,3.414,2.274
2026-08-07T15:52:58.000Z,26.1,18.5323,3.8147,46.4380,-4.8041,,,reading unstable,4.165,25.056,46.281,8.04,18.738,38.993,32.26,24.964,22.76,7.109,1.267,1.993,43.791,21.874,4.713,4.23,4.268,5.684
2026-08-07T15:53:11.000Z,26.2,8.9185,0.0202,9.7443,0.7065,1.3500,30.95,optical,19.994,18.31,59.505,9.826,24.735,22.385,9.793,17.528,20.863,4.888,2.534,1.993,39.181,27.082,4.713,4.23,9.389,22.735
2026-08-07T15:53:23.000Z,26.4,11.7675,0.3732,20.6186,21.1891,0.0000,8.00,reading unstable,9.997,33.729,34.947,16.973,29.232,19.497,16.13,26.026,23.708,2.222,1.267,2.99,25.353,6.25,2.357,1.692,3.414,2.274
2026-08-07T15:54:02.000Z,26.6,7.739,0.012,5.2430,0.4239,1.3500,30.95,optical,33.324,41.438,113.342,22.333,91.443,98.927,87.562,74.891,46.468,10.664,5.069,3.986,126.763,49.997,9.427,6.767,19.633,31.829
2026-08-07T15:54:15.000Z,26.8,7.9495,0.152,6.0467,-1.4835,,,reading unstable,5.832,37.584,54.782,13.4,30.731,36.105,31.108,35.587,38.407,6.665,3.168,2.99,59.924,23.957,6.284,4.23,7.682,15.915
2026-08-07T15:54:28.000Z,27,10.9741,3.8089,17.5913,11.8759,0.0000,8.00,reading unstable,5.832,53.966,56.671,20.546,43.473,59.212,52.422,57.895,30.347,6.22,1.901,2.99,86.429,17.707,7.07,4.23,5.975,3.41
2026-08-07T15:54:53.000Z,27.2,7.8099,0.0127,5.5145,0.9007,0.6517,19.08,optical,34.157,36.62,129.399,19.653,89.195,60.656,51.846,51.521,37.459,6.665,5.069,2.99,97.953,35.415,5.499,4.23,17.925,37.513
2026-08-07T15:55:48.000Z,27.4,7.7084,0.0026,5.1274,0.7630,1.3484,30.92,optical,19.161,18.31,57.616,11.613,41.974,29.606,20.162,23.901,23.708,3.555,3.168,1.993,44.943,18.749,3.142,2.538,9.389,22.735
2026-08-07T15:56:31.000Z,27.8,8.8048,0.0598,9.3127,1.0851,0.0000,8.00,optical,37.489,30.838,101.063,23.226,70.456,42.604,25.347,33.462,34.614,4.443,4.435,2.99,66.839,22.915,3.928,3.384,14.511,28.419
2026-08-07T15:56:52.000Z,28.1,7.6745,0.0008,4.9991,1.6957,0.0000,8.00,optical,4.165,31.802,76.506,8.933,19.488,27.44,10.369,16.997,14.225,2.666,1.267,2.99,25.353,12.499,3.142,2.538,1.707,2.274
2026-08-07T15:57:06.000Z,28.2,7.6769,0.001,5.0084,1.6957,0.0000,8.00,optical,4.165,31.802,76.506,8.933,19.488,27.44,10.369,16.997,14.225,2.666,1.267,2.99,25.353,12.499,3.142,2.538,1.707,2.274
2026-08-07T15:58:02.000Z,28.2,8.6899,0.0187,8.8748,0.9537,0.4118,15.00,optical,30.824,26.019,85.007,21.439,62.211,39.715,25.347,33.462,31.769,4.443,3.801,2.99,64.534,22.915,3.928,2.538,13.657,27.282
2026-08-07T15:59:40.000Z,27.9,8.7603,0.0239,9.1430,0.7110,1.3500,30.95,optical,31.658,34.693,103.897,23.226,83.198,76.542,52.998,57.364,38.882,8.442,4.435,2.99,109.477,41.664,7.07,5.076,17.925,37.513
2026-08-07T16:00:38.000Z,27.9,8.9318,0.005,9.7976,0.9608,0.3808,14.47,optical,43.321,32.765,113.342,25.906,80.95,48.381,28.227,36.118,33.192,5.332,4.435,2.99,77.21,27.082,4.713,3.384,17.072,34.103
2026-08-07T16:01:34.000Z,28.1,8.7086,0.002,8.9460,0.8477,0.9062,23.41,optical,33.324,28.91,98.23,17.866,67.458,42.604,24.771,28.682,27.502,4.888,4.435,2.99,59.924,28.123,3.928,3.384,14.511,34.103
2026-08-07T16:02:35.000Z,28.1,8.7503,0.0057,9.1052,0.8221,1.0353,25.60,optical,39.155,33.729,117.12,25.013,81.699,56.324,41.477,54.177,35.088,7.553,4.435,2.99,86.429,33.331,5.499,4.23,17.925,38.65
2026-08-07T16:11:07.000Z,28.1,8.4743,0.0133,8.0517,1.0092,0.1743,10.96,optical,28.325,26.019,78.395,25.013,65.959,41.882,53.574,73.829,47.891,6.665,3.801,2.99,144.049,27.082,4.713,3.384,13.657,25.009
2026-08-07T16:11:37.000Z,28.4,8.028,0.0013,6.3487,0.8478,0.9059,23.40,optical,9.164,14.455,43.448,18.759,42.723,41.882,48.966,77.016,52.632,6.22,2.534,2.99,108.325,23.957,3.928,3.384,9.389,12.504
2026-08-07T16:14:46.000Z,27.8,8.7474,0.0112,9.0936,1.0950,0.0000,8.00,optical,32.491,34.693,105.786,27.693,83.948,64.267,85.258,107.291,61.167,8.442,5.069,2.99,183.23,34.373,7.07,5.076,19.633,29.556
2026-08-07T16:26:25.000Z,25.7,6.9283,0.1491,2.1474,0.2779,1.3500,30.95,optical,103.304,49.148,87.84,25.906,46.471,32.494,17.858,20.183,17.544,3.555,3.168,1.993,73.753,71.871,5.499,6.767,29.876,138.684
2026-08-07T16:27:37.000Z,25.6,6.9025,0.1403,2.0487,0.2802,1.3500,30.95,optical,103.304,49.148,89.729,25.906,47.221,31.05,18.434,20.715,18.018,3.555,3.168,1.993,70.296,71.871,5.499,6.767,30.729,137.547
2026-08-07T16:28:29.000Z,25.5,7.1915,0.2267,3.1516,0.2608,1.3500,30.95,reading unstable,104.137,48.184,87.84,25.906,46.471,32.494,18.434,20.183,17.07,3.555,3.168,1.993,74.905,71.871,6.284,6.767,29.876,147.778
2026-08-07T16:30:00.000Z,25.4,6.9579,0.1124,2.2599,0.1986,1.3500,30.95,optical,82.476,37.584,80.284,17.866,35.228,25.273,10.945,12.216,12.802,2.666,2.534,1.993,63.382,63.538,4.713,5.922,25.608,126.18
2026-08-07T16:30:12.000Z,25.4,6.8989,0.0126,2.0347,0.2697,1.3500,30.95,optical,83.309,48.184,90.674,26.799,40.475,28.162,19.586,24.433,19.441,3.11,3.168,1.993,64.534,63.538,4.713,5.922,25.608,125.043
2026-08-07T16:31:53.000Z,25.4,7.939,3.6817,6.0046,0.0352,1.3500,30.95,reading unstable,137.461,47.22,94.452,42.879,77.952,39.715,38.02,44.085,108.584,17.328,34.846,6.976,531.252,316.649,43.205,30.454,168.157,603.616
2026-08-07T16:32:06.000Z,25.4,8.1615,0.0241,6.8538,0.0644,1.3500,30.95,optical,118.299,51.075,99.174,66.105,120.675,42.604,16.13,19.652,55.477,11.108,51.952,5.98,538.167,341.648,47.918,35.529,205.715,779.813
2026-08-07T16:35:45.000Z,25.1,7.0094,0.125,2.4560,0.0211,1.3500,30.95,optical,37.489,15.419,41.559,6.253,14.241,10.109,5.761,7.967,9.009,1.333,1.901,1.993,364.156,223.946,32.993,26.224,156.207,685.462
2026-08-07T16:38:11.000Z,24.9,6.9707,0.1179,2.3080,0.0472,1.3500,30.95,optical,114.134,37.584,42.503,7.146,19.488,19.497,2.88,3.187,4.267,0.889,3.168,1.993,231.631,190.614,27.494,22.84,179.254,776.403
2026-08-08T03:31:37.000Z,27.6,8.5379,0.0098,8.2937,1.0809,0.0000,8.00,optical,69.147,53.966,180.403,39.306,125.922,89.54,59.911,64.268,54.055,10.219,7.603,3.986,131.373,45.831,9.427,7.613,25.608,48.88
2026-08-08T03:31:49.000Z,27.8,7.7734,0.0033,5.3761,0.4241,1.3500,30.95,optical,3.332,6.746,17.946,8.04,11.243,12.276,9.217,13.279,9.957,1.777,1.267,1.993,23.048,7.291,2.357,2.538,2.561,3.41
2026-08-08T03:32:03.000Z,27.9,8.49,0.0091,8.1114,1.1486,0.0000,8.00,optical,50.819,41.438,152.067,17.866,78.701,46.214,6.913,11.154,19.915,5.776,5.702,2.99,50.705,21.874,7.07,5.076,16.218,37.513
2026-08-08T03:32:15.000Z,28.1,8.1372,0.0109,6.7651,-0.4241,,,optical,0.833,1.927,8.501,2.68,2.998,5.777,2.88,3.187,3.319,0.889,1.267,1.993,4.61,6.25,0.786,0.846,1.707,3.41
2026-08-08T03:32:35.000Z,28.3,8.3716,0.0085,7.6600,1.3694,0.0000,8.00,optical,68.314,41.438,143.567,24.119,74.953,42.604,6.913,11.685,20.389,6.22,5.702,2.99,57.62,18.749,7.07,5.076,15.365,31.829
2026-08-08T03:32:54.000Z,28.6,8.7574,0.0015,9.1330,1.0019,0.2048,11.48,optical,69.147,54.93,187.014,34.839,132.668,92.429,72.584,71.704,57.848,10.664,8.236,3.986,133.677,52.08,10.212,7.613,27.315,53.427
2026-08-08T03:33:20.000Z,28.8,8.8451,0.1384,9.4680,0.9660,0.3578,14.08,optical,70.813,49.148,176.625,25.013,116.927,79.431,43.205,46.741,46.942,9.775,7.603,3.986,109.477,44.789,10.212,7.613,24.754,52.291
2026-08-08T04:29:34.000Z,28.1,8.2392,0.0199,7.1544,0.6863,1.3500,30.95,optical,74.978,53.966,213.461,29.479,139.413,103.982,61.639,65.331,57.374,11.108,8.236,3.986,119.849,62.497,13.354,10.997,30.729,77.299
2026-08-08T04:32:11.000Z,28.4,8.2681,0.0047,7.2652,0.7872,1.2171,28.69,optical,73.312,55.894,205.905,30.372,140.163,105.426,77.193,77.547,60.219,12.441,8.87,3.986,132.525,60.413,14.14,10.997,30.729,70.479
2026-08-08T04:32:31.000Z,28.6,8.2968,0.0007,7.3750,1.1142,0.0000,8.00,optical,69.147,45.293,159.623,14.293,80.95,47.659,7.489,12.216,21.812,6.22,6.336,2.99,47.248,24.999,8.641,6.767,17.925,43.197
2026-08-08T04:32:47.000Z,28.8,8.2998,0.0007,7.3867,0.8986,0.6616,19.25,optical,69.147,54.93,193.626,29.479,130.419,92.429,68.552,69.049,55.003,10.219,8.236,3.986,118.696,51.039,10.998,8.459,27.315,60.248
2026-08-08T05:22:51.000Z,27.4,8.3586,0.0471,7.6091,0.8280,1.0049,25.08,optical,66.648,41.438,172.847,4.467,84.697,47.659,6.337,10.092,21.812,4.443,5.702,1.993,31.115,29.165,7.07,5.076,17.925,51.154
2026-08-08T05:23:04.000Z,27.6,10.7304,3.4023,16.6620,1.4129,0.0000,8.00,reading unstable,5.832,5.782,20.779,5.36,32.98,3.61,17.858,12.216,41.727,5.332,14.572,1.993,29.962,31.248,2.357,2.538,29.876,4.547
2026-08-08T05:23:16.000Z,27.8,8.4338,0.1303,7.8967,1.2719,0.0000,8.00,optical,2.499,4.818,14.168,12.506,10.493,15.164,17.858,18.059,9.483,2.666,1.901,1.993,28.81,11.458,3.928,3.384,4.268,4.547
2026-08-08T05:24:35.000Z,27.9,8.3219,0.004,7.4698,1.2163,0.0000,8.00,optical,55.817,32.765,98.23,26.799,71.206,36.105,9.217,25.495,26.079,6.665,5.702,2.99,65.686,17.707,6.284,4.23,15.365,28.419
2026-08-08T05:49:01.000Z,27.8,8.2919,0.0606,7.3551,1.3358,0.0000,8.00,optical,59.15,53.966,177.569,26.799,111.681,86.652,58.183,60.55,51.684,8.442,7.603,3.986,104.868,40.623,9.427,6.767,23.047,40.923
2026-08-08T05:49:13.000Z,28,8.0747,0.0087,6.5264,0.8470,0.9100,23.47,optical,0.833,1.927,4.723,2.68,2.998,2.888,2.304,2.125,2.845,1.333,1.267,1.993,3.457,3.125,2.357,1.692,1.707,2.274
2026-08-08T05:54:54.000Z,28.1,8.0484,0.0116,6.4262,1.3776,0.0000,8.00,optical,52.485,53.003,178.514,23.226,112.43,74.376,61.063,64.268,52.632,7.998,7.603,2.99,92.191,39.581,8.641,6.767,23.047,39.786
2026-08-08T05:55:27.000Z,28.4,8.2542,0.0049,7.2121,0.7034,1.3500,30.95,optical,69.98,38.547,174.736,4.467,84.697,50.547,6.913,11.685,22.286,4.443,6.336,1.993,32.267,31.248,7.07,5.922,17.925,55.701
2026-08-08T05:56:13.000Z,28.6,8.4667,0.0029,8.0235,1.0790,0.0000,8.00,optical,94.973,55.894,190.793,38.412,128.92,80.875,44.933,53.646,57.848,9.775,8.87,3.986,111.782,43.748,10.212,7.613,24.754,52.291
2026-08-08T05:56:26.000Z,28.8,7.7345,0.0091,5.2291,0.0298,1.3500,30.95,optical,4.999,5.782,27.391,8.933,12.742,9.387,4.032,4.78,4.267,0.889,1.267,1.993,62.229,93.745,12.569,12.689,38.412,162.556
2026-08-08T06:02:59.000Z,28.4,8.6706,0.0248,8.8014,0.7206,1.3500,30.95,optical,25.826,19.274,42.503,18.759,42.723,31.772,32.836,35.056,39.83,4.888,3.801,2.99,57.62,24.999,4.713,3.384,11.95,25.009
2026-08-08T06:03:11.000Z,28.6,7.7258,0.0011,5.1956,0.8486,0.9020,23.33,optical,4.999,9.637,18.89,16.08,17.239,17.33,20.162,26.026,19.441,3.11,1.267,1.993,41.486,10.416,3.928,2.538,3.414,3.41
2026-08-08T06:03:24.000Z,28.7,9.8336,1.8175,13.2408,63.5815,0.0000,8.00,reading unstable,461.534,289.105,1019.134,234.047,514.93,41.16,110.605,259.729,80.134,4.888,14.572,2.99,553.148,48.956,17.282,5.076,50.362,4.547
2026-08-08T06:03:53.000Z,28.8,8.2992,0.0691,7.3845,0.5934,1.3500,30.95,optical,13.33,7.709,14.168,3.573,4.497,5.777,5.761,7.436,15.647,3.11,1.901,1.993,18.438,13.541,3.928,3.384,5.122,13.641
2026-08-08T06:04:47.000Z,29.2,7.7937,0.0025,5.4557,0.8478,0.9056,23.40,optical,1.666,6.746,19.835,5.36,11.243,14.442,13.826,11.154,7.587,2.666,1.267,1.993,20.743,9.374,3.142,2.538,3.414,4.547
2026-08-08T06:04:59.000Z,29.3,7.7852,0.0011,5.4234,2.2607,0.0000,8.00,optical,1.666,7.709,20.779,9.826,14.991,19.497,16.706,15.934,9.957,3.555,1.267,1.993,26.505,10.416,3.142,3.384,3.414,3.41
2026-08-08T06:05:16.000Z,29.5,7.751,0.0011,5.2931,0.4237,1.3500,30.95,optical,1.666,4.818,11.334,6.253,6.746,7.943,9.217,10.092,7.112,1.777,1.267,1.993,17.286,5.208,2.357,1.692,1.707,3.41
2026-08-08T06:05:28.000Z,29.6,7.8188,0.016,5.5521,4.2379,0.0000,8.00,optical,1.666,9.637,25.502,12.506,14.991,18.775,16.706,17.528,10.432,2.666,1.267,1.993,28.81,8.333,3.142,2.538,3.414,2.274
2026-08-08T06:45:27.000Z,27.9,8.7524,0.0117,9.1129,0.5973,1.3500,30.95,optical,34.99,34.693,137.9,18.759,86.196,69.321,42.629,44.616,37.459,7.553,5.702,2.99,80.667,44.789,8.641,6.767,20.486,53.427
2026-08-08T06:46:11.000Z,28.1,8.814,0.0031,9.3483,0.5298,1.3500,30.95,optical,33.324,26.019,105.786,8.933,57.714,49.103,24.771,28.682,28.924,6.22,5.069,2.99,56.467,38.54,8.641,6.767,17.925,48.88
2026-08-08T08:10:21.000Z,27.8,8.9668,0.0353,9.9311,0.8139,1.0774,26.32,optical,28.325,24.092,75.561,22.333,56.965,41.882,31.108,39.836,34.14,6.665,4.435,2.99,81.82,27.082,6.284,5.076,15.365,30.692
2026-08-08T08:10:33.000Z,27.9,8.0009,0.133,6.2446,2.5458,0.0000,8.00,optical,4.165,10.601,27.391,12.506,20.237,19.497,20.162,24.433,18.018,3.555,1.267,1.993,41.486,10.416,3.142,2.538,5.122,3.41
2026-08-08T08:11:10.000Z,28.2,8.7067,0.0067,8.9389,0.8924,0.6907,19.74,optical,23.327,19.274,66.116,6.253,21.737,17.33,6.913,6.374,10.432,3.11,3.168,1.993,17.286,14.583,3.928,3.384,8.536,22.735
2026-08-08T08:17:13.000Z,28.6,7.8167,0.0166,5.5426,2.3312,0.0000,8.00,optical,14.163,14.455,36.836,17.866,40.475,28.162,24.771,30.275,27.027,3.555,2.534,1.993,47.248,17.707,3.928,3.384,8.536,6.821
2026-08-09T09:33:33.000Z,27.2,7.0795,0.2616,2.7267,1.0596,0.0000,8.00,reading unstable,7.498,44.329,111.453,20.546,41.974,51.269,8.065,5.311,4.742,1.333,1.901,1.993,10.372,6.25,1.571,1.692,3.414,9.094
2026-08-09T09:33:46.000Z,27.2,29.1901,9.3465,87.1183,1.5745,0.0000,8.00,reading unstable,6.665,14.455,70.839,10.72,42.723,31.772,8.641,5.311,5.216,1.333,1.901,1.993,9.219,10.416,2.357,2.538,3.414,7.957
2026-08-09T10:03:27.000Z,25.9,7.0469,0.0935,2.6003,0.6782,1.3500,30.95,optical,3.332,10.601,23.613,9.826,17.989,23.107,8.641,5.311,4.267,1.333,1.267,1.993,6.914,10.416,1.571,1.692,2.561,5.684
2026-08-09T10:03:41.000Z,26,7.0532,0.057,2.6245,0.1256,1.3500,30.95,optical,4.165,6.746,17.001,7.146,8.994,8.665,2.88,4.249,5.216,1.333,1.267,1.993,18.438,19.791,2.357,3.384,5.975,32.966